timestamp,username,image_filename,age,clear_face,darkspots,puffy_eyes,wrinkles
2025-10-14T00:20:54.684597,siddhesh,WIN_20250922_15_02_31_Pro.jpg,29.2,1.9%,20.2%,7.0%,70.8%
2025-10-14T00:24:16.588326,siddhesh,WIN_20250922_15_02_31_Pro.jpg,29.2,1.9%,20.2%,7.0%,70.8%
2025-10-14T00:24:20.370652,siddhesh,WIN_20250922_15_02_31_Pro.jpg,29.2,1.9%,20.2%,7.0%,70.8%
2025-10-14T00:25:14.377743,siddhesh,WIN_20250922_14_52_42_Pro.jpg,27.9,17.3%,0.1%,73.5%,9.1%
2025-10-14T00:25:25.938780,siddhesh,WIN_20250922_14_52_42_Pro.jpg,27.9,17.3%,0.1%,73.5%,9.1%
2025-10-14T00:26:33.282346,siddhesh,WIN_20250926_16_00_02_Pro.jpg,30.1,52.5%,4.1%,40.6%,2.7%
2025-10-14T00:30:02.241230,siddhesh,WIN_20250922_15_02_31_Pro.jpg,29.2,1.9%,20.2%,7.0%,70.8%
2025-10-14T00:32:16.032989,siddhesh,WIN_20250922_15_02_31_Pro.jpg,29.2,1.9%,20.2%,7.0%,70.8%
2025-10-14T00:46:48.336696,siddhesh,WIN_20250920_20_30_34_Pro.jpg,56.6,11.1%,4.5%,81.4%,3.0%
2025-10-14T00:46:58.018518,siddhesh,WIN_20250920_20_30_31_Pro.jpg,40.6,12.5%,2.3%,84.2%,1.0%
2025-10-14T00:47:36.147583,siddhesh,WIN_20250920_20_29_09_Pro.jpg,20.1,95.9%,1.9%,0.6%,1.6%
2025-10-14T00:50:45.476778,siddhesh,WIN_20250922_14_54_11_Pro.jpg,38.8,60.8%,4.9%,29.2%,5.1%
2025-10-14T00:50:59.075141,siddhesh,WIN_20250922_14_54_11_Pro.jpg,38.8,60.8%,4.9%,29.2%,5.1%
2025-10-14T00:51:15.375232,siddhesh,WIN_20250922_14_54_11_Pro.jpg,38.8,60.8%,4.9%,29.2%,5.1%
